shipment_id,order_id,status,shipped_at,delivered_at
1,1,Delivered,2025-07-15 13:15:32.206574,
2,2,Delivered,2025-08-06 13:15:32.206574,2025-08-08 13:15:32.206574
3,3,Shipped,2025-07-12 13:15:32.206574,2025-07-22 13:15:32.206574
4,4,Delivered,2025-07-29 13:15:32.206574,2025-08-02 13:15:32.206574
5,5,Shipped,2025-07-26 13:15:32.206574,
6,6,Delivered,2025-07-15 13:15:32.206574,2025-07-18 13:15:32.206574
7,7,Shipped,2025-07-30 13:15:32.206574,
8,8,Delivered,2025-07-31 13:15:32.206574,2025-08-03 13:15:32.206574
9,9,Delivered,2025-07-17 13:15:32.206574,2025-07-25 13:15:32.206574
10,10,Shipped,2025-08-05 13:15:32.206574,
11,11,Shipped,2025-07-15 13:15:32.206574,2025-07-24 13:15:32.206574
12,12,Shipped,2025-08-03 13:15:32.206574,
13,13,Shipped,2025-07-27 13:15:32.206574,
14,14,Delivered,2025-08-02 13:15:32.206574,
15,15,Delivered,2025-07-25 13:15:32.206574,2025-08-01 13:15:32.206574
16,16,Delivered,2025-07-20 13:15:32.206574,2025-07-24 13:15:32.206574
17,17,Delivered,2025-07-22 13:15:32.206574,
18,18,Delivered,2025-07-09 13:15:32.206574,
19,19,Delivered,2025-07-29 13:15:32.206574,
20,20,Shipped,2025-07-13 13:15:32.206574,
21,21,Shipped,2025-07-25 13:15:32.206574,
22,22,Delivered,2025-07-12 13:15:32.206574,2025-07-13 13:15:32.206574
23,23,Shipped,2025-08-06 13:15:32.206574,2025-08-13 13:15:32.206574
24,24,Delivered,2025-07-10 13:15:32.206574,2025-07-15 13:15:32.206574
25,25,Shipped,2025-07-25 13:15:32.206574,2025-07-31 13:15:32.206574
26,26,Delivered,2025-07-12 13:15:32.206574,2025-07-17 13:15:32.206574
27,27,Shipped,2025-07-31 13:15:32.206574,2025-08-02 13:15:32.206574
28,28,Delivered,2025-07-11 13:15:32.206574,2025-07-15 13:15:32.206574
29,29,Shipped,2025-07-13 13:15:32.206574,
30,30,Shipped,2025-07-08 13:15:32.206574,2025-07-14 13:15:32.206574
31,31,Shipped,2025-07-25 13:15:32.206574,
32,32,Delivered,2025-07-18 13:15:32.206574,2025-07-21 13:15:32.206574
33,33,Shipped,2025-07-09 13:15:32.206574,2025-07-14 13:15:32.206574
34,34,Delivered,2025-07-25 13:15:32.206574,
35,35,Shipped,2025-07-29 13:15:32.206574,
36,36,Delivered,2025-07-21 13:15:32.206574,
37,37,Delivered,2025-07-10 13:15:32.206574,2025-07-18 13:15:32.206574
38,38,Delivered,2025-07-14 13:15:32.206574,
39,39,Shipped,2025-07-14 13:15:32.206574,2025-07-20 13:15:32.206574
40,40,Shipped,2025-07-30 13:15:32.206574,2025-08-02 13:15:32.206574
41,41,Delivered,2025-07-07 13:15:32.206574,
42,42,Shipped,2025-07-16 13:15:32.206574,2025-07-24 13:15:32.206574
43,43,Delivered,2025-07-29 13:15:32.206574,
44,44,Shipped,2025-07-19 13:15:32.206574,
45,45,Delivered,2025-07-14 13:15:32.206574,2025-07-21 13:15:32.206574
46,46,Shipped,2025-07-28 13:15:32.206574,
47,47,Delivered,2025-07-18 13:15:32.206574,
48,48,Delivered,2025-07-10 13:15:32.206574,2025-07-11 13:15:32.206574
49,49,Delivered,2025-08-03 13:15:32.206574,
50,50,Shipped,2025-07-21 13:15:32.206574,
51,51,Delivered,2025-07-14 13:15:32.206574,2025-07-18 13:15:32.206574
52,52,Shipped,2025-07-10 13:15:32.206574,
53,53,Shipped,2025-07-27 13:15:32.206574,2025-08-06 13:15:32.206574
54,54,Delivered,2025-07-12 13:15:32.206574,2025-07-18 13:15:32.206574
55,55,Delivered,2025-07-10 13:15:32.206574,
56,56,Delivered,2025-07-08 13:15:32.206574,
57,57,Delivered,2025-07-07 13:15:32.206574,
58,58,Delivered,2025-08-03 13:15:32.206574,2025-08-09 13:15:32.206574
59,59,Delivered,2025-08-06 13:15:32.206574,
60,60,Delivered,2025-08-03 13:15:32.206574,
61,61,Delivered,2025-07-31 13:15:32.206574,2025-08-06 13:15:32.206574
62,62,Shipped,2025-07-08 13:15:32.206574,2025-07-14 13:15:32.206574
63,63,Delivered,2025-07-17 13:15:32.206574,
64,64,Delivered,2025-07-12 13:15:32.206574,
65,65,Delivered,2025-07-09 13:15:32.206574,2025-07-13 13:15:32.206574
66,66,Delivered,2025-08-02 13:15:32.206574,2025-08-05 13:15:32.206574
67,67,Shipped,2025-07-11 13:15:32.206574,2025-07-19 13:15:32.206574
68,68,Shipped,2025-07-09 13:15:32.206574,2025-07-16 13:15:32.206574
69,69,Delivered,2025-07-30 13:15:32.206574,
70,70,Delivered,2025-08-01 13:15:32.206574,
71,71,Delivered,2025-07-24 13:15:32.206574,2025-08-01 13:15:32.206574
72,72,Shipped,2025-08-05 13:15:32.206574,
73,73,Shipped,2025-07-07 13:15:32.206574,
74,74,Shipped,2025-07-07 13:15:32.206574,
75,75,Delivered,2025-08-01 13:15:32.206574,
76,76,Shipped,2025-07-13 13:15:32.206574,
77,77,Delivered,2025-08-03 13:15:32.206574,
78,78,Delivered,2025-08-01 13:15:32.206574,2025-08-05 13:15:32.206574
79,79,Shipped,2025-08-02 13:15:32.206574,
80,80,Delivered,2025-07-27 13:15:32.206574,2025-07-28 13:15:32.206574
81,81,Delivered,2025-07-09 13:15:32.206574,2025-07-19 13:15:32.206574
82,82,Delivered,2025-08-06 13:15:32.206574,
83,83,Shipped,2025-08-05 13:15:32.206574,2025-08-11 13:15:32.206574
84,84,Shipped,2025-07-28 13:15:32.206574,
85,85,Delivered,2025-08-01 13:15:32.206574,
86,86,Shipped,2025-07-15 13:15:32.206574,
87,87,Delivered,2025-07-22 13:15:32.206574,2025-07-27 13:15:32.206574
88,88,Shipped,2025-07-08 13:15:32.206574,
89,89,Delivered,2025-07-18 13:15:32.206574,
90,90,Delivered,2025-07-19 13:15:32.206574,2025-07-26 13:15:32.206574
91,91,Shipped,2025-07-26 13:15:32.206574,
92,92,Shipped,2025-07-22 13:15:32.206574,
93,93,Delivered,2025-07-12 13:15:32.206574,
94,94,Delivered,2025-07-27 13:15:32.206574,
95,95,Shipped,2025-07-19 13:15:32.206574,
96,96,Shipped,2025-08-02 13:15:32.206574,
97,97,Shipped,2025-07-08 13:15:32.206574,2025-07-13 13:15:32.206574
98,98,Delivered,2025-07-30 13:15:32.206574,
99,99,Shipped,2025-07-19 13:15:32.206574,
100,100,Delivered,2025-08-02 13:15:32.206574,
101,101,Shipped,2025-08-01 13:15:32.206574,
102,102,Shipped,2025-08-05 13:15:32.206574,
103,103,Delivered,2025-07-19 13:15:32.206574,2025-07-20 13:15:32.206574
104,104,Shipped,2025-07-09 13:15:32.206574,
105,105,Shipped,2025-07-27 13:15:32.206574,2025-08-04 13:15:32.206574
106,106,Delivered,2025-07-13 13:15:32.206574,
107,107,Delivered,2025-07-28 13:15:32.206574,
108,108,Shipped,2025-07-22 13:15:32.206574,2025-07-28 13:15:32.206574
109,109,Shipped,2025-07-31 13:15:32.206574,2025-08-01 13:15:32.206574
110,110,Delivered,2025-08-06 13:15:32.206574,
111,111,Delivered,2025-07-22 13:15:32.206574,2025-07-30 13:15:32.206574
112,112,Shipped,2025-08-01 13:15:32.206574,
113,113,Shipped,2025-07-31 13:15:32.206574,2025-08-03 13:15:32.206574
114,114,Delivered,2025-07-23 13:15:32.206574,2025-07-31 13:15:32.206574
115,115,Delivered,2025-07-16 13:15:32.206574,2025-07-20 13:15:32.206574
116,116,Delivered,2025-07-30 13:15:32.206574,2025-08-02 13:15:32.206574
117,117,Delivered,2025-08-05 13:15:32.206574,2025-08-15 13:15:32.206574
118,118,Shipped,2025-07-14 13:15:32.206574,2025-07-24 13:15:32.206574
119,119,Shipped,2025-08-05 13:15:32.206574,
120,120,Delivered,2025-07-28 13:15:32.206574,
121,121,Delivered,2025-07-31 13:15:32.206574,2025-08-09 13:15:32.206574
122,122,Delivered,2025-07-20 13:15:32.206574,2025-07-25 13:15:32.206574
123,123,Delivered,2025-08-01 13:15:32.206574,2025-08-07 13:15:32.206574
124,124,Delivered,2025-07-18 13:15:32.206574,
125,125,Shipped,2025-07-11 13:15:32.206574,2025-07-20 13:15:32.206574
126,126,Delivered,2025-07-20 13:15:32.206574,2025-07-28 13:15:32.206574
127,127,Shipped,2025-08-01 13:15:32.206574,
128,128,Shipped,2025-07-16 13:15:32.206574,
129,129,Delivered,2025-07-12 13:15:32.206574,
130,130,Delivered,2025-07-14 13:15:32.206574,
131,131,Shipped,2025-07-15 13:15:32.206574,
132,132,Shipped,2025-07-31 13:15:32.206574,
133,133,Shipped,2025-08-02 13:15:32.206574,2025-08-06 13:15:32.206574
134,134,Delivered,2025-08-05 13:15:32.206574,2025-08-15 13:15:32.206574
135,135,Delivered,2025-07-16 13:15:32.206574,2025-07-25 13:15:32.206574
136,136,Shipped,2025-07-28 13:15:32.206574,
137,137,Delivered,2025-07-22 13:15:32.206574,2025-08-01 13:15:32.206574
138,138,Delivered,2025-07-22 13:15:32.206574,
139,139,Delivered,2025-07-07 13:15:32.206574,2025-07-08 13:15:32.206574
140,140,Shipped,2025-07-13 13:15:32.206574,2025-07-21 13:15:32.206574
141,141,Delivered,2025-07-16 13:15:32.206574,2025-07-23 13:15:32.206574
142,142,Shipped,2025-07-17 13:15:32.206574,2025-07-18 13:15:32.206574
143,143,Shipped,2025-07-15 13:15:32.206574,
144,144,Shipped,2025-07-16 13:15:32.206574,2025-07-21 13:15:32.206574
145,145,Shipped,2025-07-22 13:15:32.206574,
146,146,Shipped,2025-07-07 13:15:32.206574,
147,147,Shipped,2025-07-21 13:15:32.206574,2025-07-27 13:15:32.206574
148,148,Shipped,2025-07-29 13:15:32.206574,2025-08-07 13:15:32.206574
149,149,Shipped,2025-07-25 13:15:32.206574,2025-07-30 13:15:32.206574
150,150,Shipped,2025-07-13 13:15:32.206574,2025-07-18 13:15:32.206574
151,151,Shipped,2025-07-17 13:15:32.206574,
152,152,Delivered,2025-07-18 13:15:32.206574,2025-07-19 13:15:32.206574
153,153,Delivered,2025-07-23 13:15:32.206574,2025-07-30 13:15:32.206574
154,154,Delivered,2025-07-22 13:15:32.206574,2025-07-24 13:15:32.206574
155,155,Shipped,2025-08-04 13:15:32.206574,2025-08-14 13:15:32.206574
156,156,Delivered,2025-07-24 13:15:32.206574,
157,157,Delivered,2025-08-05 13:15:32.206574,2025-08-12 13:15:32.206574
158,158,Delivered,2025-07-08 13:15:32.206574,2025-07-10 13:15:32.206574
159,159,Delivered,2025-07-14 13:15:32.206574,2025-07-16 13:15:32.206574
160,160,Shipped,2025-07-14 13:15:32.206574,
161,161,Delivered,2025-08-02 13:15:32.206574,
162,162,Delivered,2025-07-16 13:15:32.206574,
163,163,Shipped,2025-07-12 13:15:32.206574,2025-07-15 13:15:32.206574
164,164,Shipped,2025-07-10 13:15:32.206574,2025-07-15 13:15:32.206574
165,165,Delivered,2025-07-09 13:15:32.206574,
166,166,Shipped,2025-07-07 13:15:32.206574,
167,167,Shipped,2025-08-01 13:15:32.206574,2025-08-06 13:15:32.206574
168,168,Delivered,2025-07-21 13:15:32.206574,2025-07-29 13:15:32.206574
169,169,Shipped,2025-08-06 13:15:32.206574,
170,170,Delivered,2025-07-07 13:15:32.206574,2025-07-17 13:15:32.206574
171,171,Shipped,2025-07-30 13:15:32.206574,2025-08-03 13:15:32.206574
172,172,Shipped,2025-07-11 13:15:32.206574,2025-07-12 13:15:32.206574
173,173,Shipped,2025-07-27 13:15:32.206574,2025-08-02 13:15:32.206574
174,174,Shipped,2025-07-27 13:15:32.206574,
175,175,Delivered,2025-07-19 13:15:32.206574,
176,176,Delivered,2025-08-06 13:15:32.206574,
177,177,Shipped,2025-08-05 13:15:32.206574,2025-08-15 13:15:32.206574
178,178,Delivered,2025-07-08 13:15:32.206574,
179,179,Delivered,2025-07-17 13:15:32.206574,
180,180,Delivered,2025-07-29 13:15:32.206574,
181,181,Shipped,2025-07-19 13:15:32.206574,2025-07-20 13:15:32.206574
182,182,Shipped,2025-07-15 13:15:32.206574,
183,183,Shipped,2025-07-21 13:15:32.206574,2025-07-31 13:15:32.206574
184,184,Delivered,2025-07-15 13:15:32.206574,2025-07-21 13:15:32.206574
185,185,Delivered,2025-07-25 13:15:32.206574,2025-07-30 13:15:32.206574
186,186,Delivered,2025-08-06 13:15:32.206574,
187,187,Delivered,2025-08-04 13:15:32.206574,2025-08-06 13:15:32.206574
188,188,Delivered,2025-07-16 13:15:32.206574,
189,189,Delivered,2025-07-29 13:15:32.206574,2025-08-02 13:15:32.206574
190,190,Shipped,2025-08-02 13:15:32.206574,
191,191,Delivered,2025-07-08 13:15:32.206574,2025-07-12 13:15:32.206574
192,192,Shipped,2025-07-23 13:15:32.206574,
193,193,Delivered,2025-08-06 13:15:32.206574,2025-08-12 13:15:32.206574
194,194,Shipped,2025-08-04 13:15:32.206574,
195,195,Delivered,2025-07-22 13:15:32.206574,2025-07-28 13:15:32.206574
196,196,Delivered,2025-07-27 13:15:32.206574,
197,197,Delivered,2025-07-30 13:15:32.206574,2025-08-09 13:15:32.206574
198,198,Shipped,2025-07-26 13:15:32.206574,
199,199,Shipped,2025-07-21 13:15:32.206574,
200,200,Delivered,2025-08-02 13:15:32.206574,
201,201,Shipped,2025-07-31 13:15:32.206574,
202,202,Delivered,2025-07-09 13:15:32.206574,
203,203,Delivered,2025-07-20 13:15:32.206574,
204,204,Delivered,2025-07-08 13:15:32.206574,2025-07-13 13:15:32.206574
205,205,Shipped,2025-08-01 13:15:32.206574,
206,206,Delivered,2025-08-04 13:15:32.206574,2025-08-13 13:15:32.206574
207,207,Shipped,2025-07-26 13:15:32.206574,
208,208,Shipped,2025-07-18 13:15:32.206574,2025-07-27 13:15:32.206574
209,209,Shipped,2025-08-03 13:15:32.206574,
210,210,Shipped,2025-08-05 13:15:32.206574,
211,211,Shipped,2025-07-11 13:15:32.206574,
212,212,Delivered,2025-07-20 13:15:32.206574,2025-07-24 13:15:32.206574
213,213,Shipped,2025-07-15 13:15:32.206574,2025-07-24 13:15:32.206574
214,214,Shipped,2025-07-08 13:15:32.206574,2025-07-16 13:15:32.206574
215,215,Delivered,2025-07-14 13:15:32.206574,2025-07-17 13:15:32.206574
216,216,Shipped,2025-07-28 13:15:32.206574,2025-07-30 13:15:32.206574
217,217,Delivered,2025-07-28 13:15:32.206574,
218,218,Delivered,2025-07-21 13:15:32.206574,2025-07-29 13:15:32.206574
219,219,Shipped,2025-07-07 13:15:32.206574,
220,220,Shipped,2025-08-06 13:15:32.206574,
221,221,Shipped,2025-08-04 13:15:32.206574,
222,222,Delivered,2025-07-19 13:15:32.206574,
223,223,Shipped,2025-07-26 13:15:32.206574,2025-08-01 13:15:32.206574
224,224,Shipped,2025-07-07 13:15:32.206574,
225,225,Shipped,2025-07-22 13:15:32.206574,
226,226,Shipped,2025-07-12 13:15:32.206574,
227,227,Delivered,2025-07-29 13:15:32.206574,2025-08-06 13:15:32.206574
228,228,Shipped,2025-08-06 13:15:32.206574,
229,229,Shipped,2025-07-31 13:15:32.206574,2025-08-06 13:15:32.206574
230,230,Shipped,2025-08-06 13:15:32.206574,2025-08-13 13:15:32.206574
231,231,Delivered,2025-07-20 13:15:32.206574,
232,232,Delivered,2025-07-23 13:15:32.206574,2025-07-31 13:15:32.206574
233,233,Delivered,2025-08-02 13:15:32.206574,
234,234,Delivered,2025-07-28 13:15:32.206574,
235,235,Delivered,2025-07-11 13:15:32.206574,
236,236,Shipped,2025-07-15 13:15:32.206574,
237,237,Delivered,2025-07-23 13:15:32.206574,2025-07-25 13:15:32.206574
238,238,Shipped,2025-08-01 13:15:32.206574,2025-08-02 13:15:32.206574
239,239,Shipped,2025-07-13 13:15:32.206574,
240,240,Shipped,2025-07-29 13:15:32.206574,
241,241,Shipped,2025-07-29 13:15:32.206574,2025-08-01 13:15:32.206574
242,242,Shipped,2025-08-02 13:15:32.206574,2025-08-03 13:15:32.206574
243,243,Shipped,2025-07-18 13:15:32.206574,2025-07-24 13:15:32.206574
244,244,Delivered,2025-07-28 13:15:32.206574,
245,245,Delivered,2025-07-12 13:15:32.206574,
246,246,Delivered,2025-08-03 13:15:32.206574,2025-08-12 13:15:32.206574
247,247,Shipped,2025-07-17 13:15:32.206574,2025-07-25 13:15:32.206574
248,248,Delivered,2025-07-09 13:15:32.206574,2025-07-10 13:15:32.206574
249,249,Delivered,2025-07-08 13:15:32.206574,
250,250,Shipped,2025-07-22 13:15:32.206574,2025-07-30 13:15:32.206574
251,251,Shipped,2025-07-16 13:15:32.206574,
252,252,Shipped,2025-07-10 13:15:32.206574,2025-07-18 13:15:32.206574
253,253,Delivered,2025-07-10 13:15:32.206574,
254,254,Shipped,2025-07-30 13:15:32.206574,
255,255,Delivered,2025-07-20 13:15:32.206574,
256,256,Delivered,2025-07-14 13:15:32.206574,2025-07-21 13:15:32.206574
257,257,Shipped,2025-07-25 13:15:32.206574,
258,258,Delivered,2025-07-09 13:15:32.206574,
259,259,Delivered,2025-07-20 13:15:32.206574,
260,260,Delivered,2025-07-19 13:15:32.206574,2025-07-24 13:15:32.206574
261,261,Shipped,2025-07-31 13:15:32.206574,2025-08-07 13:15:32.206574
262,262,Shipped,2025-07-08 13:15:32.206574,2025-07-16 13:15:32.206574
263,263,Delivered,2025-07-21 13:15:32.206574,2025-07-28 13:15:32.206574
264,264,Delivered,2025-07-11 13:15:32.206574,2025-07-21 13:15:32.206574
265,265,Delivered,2025-08-05 13:15:32.206574,2025-08-13 13:15:32.206574
266,266,Delivered,2025-08-02 13:15:32.206574,
267,267,Shipped,2025-07-21 13:15:32.206574,2025-07-25 13:15:32.206574
268,268,Shipped,2025-07-27 13:15:32.206574,2025-08-01 13:15:32.206574
269,269,Delivered,2025-07-27 13:15:32.206574,
270,270,Shipped,2025-08-06 13:15:32.206574,2025-08-11 13:15:32.206574
271,271,Delivered,2025-07-09 13:15:32.206574,2025-07-11 13:15:32.206574
272,272,Delivered,2025-07-29 13:15:32.206574,2025-08-01 13:15:32.206574
273,273,Delivered,2025-08-02 13:15:32.206574,2025-08-08 13:15:32.206574
274,274,Shipped,2025-07-16 13:15:32.206574,2025-07-17 13:15:32.206574
275,275,Shipped,2025-07-10 13:15:32.206574,2025-07-17 13:15:32.206574
276,276,Delivered,2025-07-29 13:15:32.206574,2025-08-05 13:15:32.206574
277,277,Delivered,2025-07-14 13:15:32.206574,2025-07-20 13:15:32.206574
278,278,Shipped,2025-07-15 13:15:32.206574,2025-07-24 13:15:32.206574
279,279,Shipped,2025-07-31 13:15:32.206574,
280,280,Shipped,2025-07-09 13:15:32.206574,
281,281,Delivered,2025-07-27 13:15:32.206574,
282,282,Shipped,2025-07-15 13:15:32.206574,
283,283,Delivered,2025-07-24 13:15:32.206574,
284,284,Shipped,2025-07-09 13:15:32.206574,
285,285,Shipped,2025-07-24 13:15:32.206574,2025-07-31 13:15:32.206574
286,286,Delivered,2025-07-27 13:15:32.206574,2025-08-06 13:15:32.206574
287,287,Delivered,2025-08-06 13:15:32.206574,2025-08-16 13:15:32.206574
288,288,Delivered,2025-07-12 13:15:32.206574,
289,289,Delivered,2025-07-13 13:15:32.206574,
290,290,Shipped,2025-08-04 13:15:32.206574,2025-08-05 13:15:32.206574
291,291,Delivered,2025-07-26 13:15:32.206574,
292,292,Shipped,2025-07-08 13:15:32.206574,
293,293,Delivered,2025-07-22 13:15:32.206574,2025-07-24 13:15:32.206574
294,294,Delivered,2025-08-04 13:15:32.206574,
295,295,Shipped,2025-07-26 13:15:32.206574,2025-08-01 13:15:32.206574
296,296,Shipped,2025-08-05 13:15:32.206574,
297,297,Shipped,2025-08-02 13:15:32.206574,
298,298,Delivered,2025-08-03 13:15:32.206574,2025-08-04 13:15:32.206574
299,299,Delivered,2025-07-17 13:15:32.206574,2025-07-24 13:15:32.206574
300,300,Shipped,2025-07-15 13:15:32.206574,
301,301,Delivered,2025-07-11 13:15:32.206574,2025-07-15 13:15:32.206574
302,302,Delivered,2025-08-02 13:15:32.206574,2025-08-06 13:15:32.206574
303,303,Shipped,2025-07-29 13:15:32.206574,
304,304,Delivered,2025-08-06 13:15:32.206574,2025-08-15 13:15:32.206574
305,305,Delivered,2025-07-23 13:15:32.206574,2025-07-28 13:15:32.206574
306,306,Shipped,2025-07-28 13:15:32.206574,2025-08-07 13:15:32.206574
307,307,Delivered,2025-07-15 13:15:32.206574,
308,308,Shipped,2025-07-26 13:15:32.206574,2025-08-03 13:15:32.206574
309,309,Delivered,2025-07-22 13:15:32.206574,
310,310,Shipped,2025-07-20 13:15:32.206574,2025-07-30 13:15:32.206574
311,311,Delivered,2025-07-14 13:15:32.206574,2025-07-17 13:15:32.206574
312,312,Shipped,2025-07-31 13:15:32.206574,
313,313,Shipped,2025-07-31 13:15:32.206574,
314,314,Delivered,2025-07-24 13:15:32.206574,
315,315,Shipped,2025-07-29 13:15:32.206574,2025-08-03 13:15:32.206574
316,316,Delivered,2025-07-23 13:15:32.206574,
317,317,Shipped,2025-07-07 13:15:32.206574,
318,318,Delivered,2025-07-18 13:15:32.206574,
319,319,Delivered,2025-08-05 13:15:32.206574,2025-08-14 13:15:32.206574
320,320,Delivered,2025-07-09 13:15:32.206574,
321,321,Shipped,2025-08-06 13:15:32.206574,2025-08-14 13:15:32.206574
322,322,Shipped,2025-07-26 13:15:32.206574,2025-08-03 13:15:32.206574
323,323,Shipped,2025-07-26 13:15:32.206574,
324,324,Shipped,2025-07-16 13:15:32.206574,2025-07-19 13:15:32.206574
325,325,Shipped,2025-08-05 13:15:32.206574,2025-08-06 13:15:32.206574
326,326,Shipped,2025-07-27 13:15:32.206574,
327,327,Delivered,2025-07-27 13:15:32.206574,2025-07-30 13:15:32.206574
328,328,Delivered,2025-07-30 13:15:32.206574,2025-08-09 13:15:32.206574
329,329,Shipped,2025-07-13 13:15:32.206574,2025-07-18 13:15:32.206574
330,330,Delivered,2025-07-27 13:15:32.206574,
331,331,Shipped,2025-08-02 13:15:32.206574,
332,332,Shipped,2025-07-24 13:15:32.206574,2025-07-30 13:15:32.206574
333,333,Delivered,2025-07-10 13:15:32.206574,
334,334,Delivered,2025-07-18 13:15:32.206574,
335,335,Delivered,2025-07-17 13:15:32.206574,2025-07-23 13:15:32.206574
336,336,Delivered,2025-07-12 13:15:32.206574,2025-07-17 13:15:32.206574
337,337,Delivered,2025-07-19 13:15:32.206574,2025-07-26 13:15:32.206574
338,338,Delivered,2025-08-06 13:15:32.206574,2025-08-15 13:15:32.206574
339,339,Delivered,2025-08-03 13:15:32.206574,2025-08-09 13:15:32.206574
340,340,Delivered,2025-07-09 13:15:32.206574,
341,341,Delivered,2025-07-30 13:15:32.206574,2025-07-31 13:15:32.206574
342,342,Shipped,2025-07-23 13:15:32.206574,
343,343,Shipped,2025-08-06 13:15:32.206574,2025-08-14 13:15:32.206574
344,344,Shipped,2025-07-15 13:15:32.206574,2025-07-20 13:15:32.206574
345,345,Shipped,2025-07-18 13:15:32.206574,
346,346,Delivered,2025-08-01 13:15:32.206574,2025-08-08 13:15:32.206574
347,347,Delivered,2025-07-14 13:15:32.206574,2025-07-18 13:15:32.206574
348,348,Shipped,2025-07-14 13:15:32.206574,
349,349,Shipped,2025-07-16 13:15:32.206574,
350,350,Shipped,2025-08-05 13:15:32.206574,2025-08-06 13:15:32.206574
351,351,Shipped,2025-07-18 13:15:32.206574,
352,352,Shipped,2025-07-17 13:15:32.206574,
353,353,Delivered,2025-08-04 13:15:32.206574,2025-08-13 13:15:32.206574
354,354,Delivered,2025-07-29 13:15:32.206574,2025-08-03 13:15:32.206574
355,355,Delivered,2025-07-26 13:15:32.206574,
356,356,Shipped,2025-07-28 13:15:32.206574,2025-08-04 13:15:32.206574
357,357,Delivered,2025-07-28 13:15:32.206574,
358,358,Shipped,2025-07-08 13:15:32.206574,2025-07-09 13:15:32.206574
359,359,Shipped,2025-07-31 13:15:32.206574,2025-08-04 13:15:32.206574
360,360,Shipped,2025-07-22 13:15:32.206574,2025-08-01 13:15:32.206574
361,361,Shipped,2025-07-20 13:15:32.206574,2025-07-22 13:15:32.206574
362,362,Delivered,2025-08-04 13:15:32.206574,2025-08-13 13:15:32.206574
363,363,Shipped,2025-07-07 13:15:32.206574,
364,364,Shipped,2025-07-10 13:15:32.206574,
365,365,Delivered,2025-07-11 13:15:32.206574,
366,366,Delivered,2025-07-22 13:15:32.206574,
367,367,Shipped,2025-07-24 13:15:32.206574,2025-08-01 13:15:32.206574
368,368,Delivered,2025-08-04 13:15:32.206574,
369,369,Delivered,2025-07-16 13:15:32.206574,
370,370,Shipped,2025-07-31 13:15:32.206574,
371,371,Shipped,2025-07-09 13:15:32.206574,
372,372,Delivered,2025-07-15 13:15:32.206574,2025-07-20 13:15:32.206574
373,373,Delivered,2025-07-30 13:15:32.206574,
374,374,Delivered,2025-07-21 13:15:32.206574,
375,375,Delivered,2025-07-13 13:15:32.206574,2025-07-15 13:15:32.206574
376,376,Delivered,2025-07-31 13:15:32.206574,2025-08-01 13:15:32.206574
377,377,Shipped,2025-07-23 13:15:32.206574,
378,378,Delivered,2025-07-15 13:15:32.206574,
379,379,Delivered,2025-07-21 13:15:32.206574,
380,380,Shipped,2025-07-11 13:15:32.206574,
381,381,Delivered,2025-07-13 13:15:32.206574,
382,382,Shipped,2025-08-01 13:15:32.206574,2025-08-02 13:15:32.206574
383,383,Shipped,2025-07-17 13:15:32.206574,
384,384,Shipped,2025-07-18 13:15:32.206574,2025-07-20 13:15:32.206574
385,385,Delivered,2025-07-29 13:15:32.206574,2025-08-01 13:15:32.206574
386,386,Shipped,2025-07-27 13:15:32.206574,2025-08-05 13:15:32.206574
387,387,Delivered,2025-07-14 13:15:32.206574,
388,388,Shipped,2025-07-10 13:15:32.206574,2025-07-19 13:15:32.206574
389,389,Delivered,2025-08-04 13:15:32.206574,
390,390,Shipped,2025-08-02 13:15:32.206574,
391,391,Shipped,2025-08-06 13:15:32.206574,
392,392,Shipped,2025-07-23 13:15:32.206574,2025-07-24 13:15:32.206574
393,393,Delivered,2025-07-28 13:15:32.206574,
394,394,Delivered,2025-07-23 13:15:32.206574,2025-07-25 13:15:32.206574
395,395,Shipped,2025-08-01 13:15:32.206574,
396,396,Shipped,2025-07-26 13:15:32.206574,2025-07-29 13:15:32.206574
397,397,Delivered,2025-08-05 13:15:32.206574,
398,398,Shipped,2025-07-08 13:15:32.206574,
399,399,Delivered,2025-07-29 13:15:32.206574,
400,400,Shipped,2025-07-13 13:15:32.206574,
401,401,Shipped,2025-07-13 13:15:32.206574,
402,402,Shipped,2025-07-14 13:15:32.206574,2025-07-19 13:15:32.206574
403,403,Delivered,2025-08-01 13:15:32.206574,2025-08-06 13:15:32.206574
404,404,Delivered,2025-07-25 13:15:32.206574,
405,405,Delivered,2025-07-13 13:15:32.206574,
406,406,Shipped,2025-08-04 13:15:32.206574,
407,407,Shipped,2025-07-22 13:15:32.206574,
408,408,Delivered,2025-07-23 13:15:32.206574,
409,409,Shipped,2025-07-15 13:15:32.206574,2025-07-23 13:15:32.206574
410,410,Delivered,2025-07-09 13:15:32.206574,
411,411,Delivered,2025-07-30 13:15:32.206574,2025-08-03 13:15:32.206574
412,412,Shipped,2025-07-09 13:15:32.206574,
413,413,Delivered,2025-07-22 13:15:32.206574,2025-07-28 13:15:32.206574
414,414,Shipped,2025-08-01 13:15:32.206574,
415,415,Delivered,2025-07-11 13:15:32.206574,2025-07-14 13:15:32.206574
416,416,Shipped,2025-07-21 13:15:32.206574,2025-07-29 13:15:32.206574
417,417,Delivered,2025-07-10 13:15:32.206574,
418,418,Shipped,2025-07-19 13:15:32.206574,2025-07-22 13:15:32.206574
419,419,Delivered,2025-07-16 13:15:32.206574,2025-07-20 13:15:32.206574
420,420,Delivered,2025-07-15 13:15:32.206574,2025-07-25 13:15:32.206574
421,421,Shipped,2025-07-15 13:15:32.206574,2025-07-16 13:15:32.206574
422,422,Shipped,2025-08-06 13:15:32.206574,
423,423,Delivered,2025-07-24 13:15:32.206574,2025-07-28 13:15:32.206574
424,424,Delivered,2025-08-05 13:15:32.206574,2025-08-14 13:15:32.206574
425,425,Delivered,2025-07-10 13:15:32.206574,2025-07-11 13:15:32.206574
426,426,Delivered,2025-07-25 13:15:32.206574,2025-07-27 13:15:32.206574
427,427,Delivered,2025-07-21 13:15:32.206574,
428,428,Shipped,2025-07-30 13:15:32.206574,2025-08-05 13:15:32.206574
429,429,Shipped,2025-07-09 13:15:32.206574,
430,430,Delivered,2025-08-06 13:15:32.206574,2025-08-07 13:15:32.206574
431,431,Shipped,2025-07-18 13:15:32.206574,2025-07-21 13:15:32.206574
432,432,Shipped,2025-07-12 13:15:32.206574,2025-07-17 13:15:32.206574
433,433,Shipped,2025-08-01 13:15:32.206574,2025-08-11 13:15:32.206574
434,434,Delivered,2025-07-29 13:15:32.206574,
435,435,Delivered,2025-07-18 13:15:32.206574,2025-07-28 13:15:32.206574
436,436,Delivered,2025-07-15 13:15:32.206574,2025-07-17 13:15:32.206574
437,437,Shipped,2025-07-28 13:15:32.206574,2025-08-03 13:15:32.206574
438,438,Shipped,2025-07-29 13:15:32.206574,2025-08-06 13:15:32.206574
439,439,Shipped,2025-08-03 13:15:32.206574,2025-08-11 13:15:32.206574
440,440,Delivered,2025-07-28 13:15:32.206574,
441,441,Shipped,2025-07-12 13:15:32.206574,
442,442,Shipped,2025-07-09 13:15:32.206574,2025-07-15 13:15:32.206574
443,443,Delivered,2025-08-01 13:15:32.206574,
444,444,Delivered,2025-07-17 13:15:32.206574,
445,445,Shipped,2025-07-25 13:15:32.206574,2025-08-03 13:15:32.206574
446,446,Delivered,2025-07-24 13:15:32.206574,
447,447,Shipped,2025-08-03 13:15:32.206574,2025-08-12 13:15:32.206574
448,448,Shipped,2025-07-26 13:15:32.206574,
449,449,Shipped,2025-07-28 13:15:32.206574,2025-08-03 13:15:32.206574
450,450,Delivered,2025-07-07 13:15:32.206574,2025-07-14 13:15:32.206574
451,451,Delivered,2025-07-19 13:15:32.206574,2025-07-23 13:15:32.206574
452,452,Shipped,2025-08-01 13:15:32.206574,2025-08-03 13:15:32.206574
453,453,Delivered,2025-07-21 13:15:32.206574,2025-07-24 13:15:32.206574
454,454,Shipped,2025-07-31 13:15:32.206574,2025-08-05 13:15:32.206574
455,455,Shipped,2025-07-30 13:15:32.206574,
456,456,Delivered,2025-07-22 13:15:32.206574,
457,457,Shipped,2025-07-17 13:15:32.206574,
458,458,Delivered,2025-07-31 13:15:32.206574,
459,459,Shipped,2025-07-30 13:15:32.206574,2025-08-09 13:15:32.206574
460,460,Delivered,2025-07-07 13:15:32.206574,
461,461,Delivered,2025-07-11 13:15:32.206574,
462,462,Delivered,2025-07-12 13:15:32.206574,2025-07-18 13:15:32.206574
463,463,Delivered,2025-07-29 13:15:32.206574,
464,464,Shipped,2025-07-18 13:15:32.206574,
465,465,Shipped,2025-07-30 13:15:32.206574,
466,466,Delivered,2025-07-29 13:15:32.206574,
467,467,Delivered,2025-07-08 13:15:32.206574,
468,468,Shipped,2025-08-05 13:15:32.206574,2025-08-10 13:15:32.206574
469,469,Delivered,2025-08-04 13:15:32.206574,2025-08-12 13:15:32.206574
470,470,Shipped,2025-07-27 13:15:32.206574,
471,471,Delivered,2025-07-16 13:15:32.206574,
472,472,Shipped,2025-07-22 13:15:32.206574,2025-08-01 13:15:32.206574
473,473,Delivered,2025-07-14 13:15:32.206574,2025-07-18 13:15:32.206574
474,474,Shipped,2025-08-03 13:15:32.206574,2025-08-04 13:15:32.206574
475,475,Shipped,2025-07-10 13:15:32.206574,2025-07-20 13:15:32.206574
476,476,Shipped,2025-07-11 13:15:32.206574,2025-07-17 13:15:32.206574
477,477,Delivered,2025-07-22 13:15:32.206574,
478,478,Shipped,2025-07-09 13:15:32.206574,2025-07-18 13:15:32.206574
479,479,Shipped,2025-08-05 13:15:32.206574,2025-08-06 13:15:32.206574
480,480,Delivered,2025-08-05 13:15:32.206574,2025-08-09 13:15:32.206574
481,481,Shipped,2025-07-25 13:15:32.206574,2025-07-30 13:15:32.206574
482,482,Delivered,2025-07-25 13:15:32.206574,
483,483,Shipped,2025-07-15 13:15:32.206574,
484,484,Delivered,2025-07-20 13:15:32.206574,2025-07-24 13:15:32.206574
485,485,Shipped,2025-08-03 13:15:32.206574,
486,486,Shipped,2025-07-14 13:15:32.206574,2025-07-23 13:15:32.206574
487,487,Delivered,2025-08-02 13:15:32.206574,
488,488,Delivered,2025-07-22 13:15:32.206574,2025-08-01 13:15:32.206574
489,489,Delivered,2025-07-24 13:15:32.206574,2025-08-01 13:15:32.206574
490,490,Delivered,2025-07-31 13:15:32.206574,2025-08-05 13:15:32.206574
491,491,Shipped,2025-07-30 13:15:32.206574,2025-08-01 13:15:32.206574
492,492,Shipped,2025-07-20 13:15:32.206574,
493,493,Delivered,2025-07-11 13:15:32.206574,
494,494,Shipped,2025-08-03 13:15:32.206574,
495,495,Shipped,2025-07-14 13:15:32.206574,
496,496,Delivered,2025-07-09 13:15:32.206574,2025-07-11 13:15:32.206574
497,497,Delivered,2025-07-10 13:15:32.206574,
498,498,Delivered,2025-07-29 13:15:32.206574,
499,499,Shipped,2025-07-16 13:15:32.206574,2025-07-23 13:15:32.206574
500,500,Shipped,2025-07-28 13:15:32.206574,2025-07-30 13:15:32.206574
501,501,Shipped,2025-07-19 13:15:32.206574,
502,502,Shipped,2025-08-03 13:15:32.206574,
503,503,Delivered,2025-07-14 13:15:32.206574,
504,504,Delivered,2025-07-25 13:15:32.206574,
505,505,Delivered,2025-07-22 13:15:32.206574,2025-07-28 13:15:32.206574
506,506,Shipped,2025-07-29 13:15:32.206574,
507,507,Delivered,2025-08-04 13:15:32.206574,
508,508,Delivered,2025-07-17 13:15:32.206574,
509,509,Delivered,2025-07-21 13:15:32.206574,2025-07-27 13:15:32.206574
510,510,Shipped,2025-07-25 13:15:32.206574,
511,511,Delivered,2025-07-10 13:15:32.206574,2025-07-16 13:15:32.206574
512,512,Delivered,2025-07-07 13:15:32.206574,
513,513,Delivered,2025-07-18 13:15:32.206574,2025-07-20 13:15:32.206574
514,514,Delivered,2025-07-17 13:15:32.206574,2025-07-26 13:15:32.206574
515,515,Delivered,2025-08-06 13:15:32.206574,
516,516,Shipped,2025-07-10 13:15:32.206574,
517,517,Delivered,2025-08-01 13:15:32.206574,2025-08-06 13:15:32.206574
518,518,Shipped,2025-07-21 13:15:32.206574,2025-07-29 13:15:32.206574
519,519,Shipped,2025-07-26 13:15:32.206574,2025-07-31 13:15:32.206574
520,520,Shipped,2025-07-09 13:15:32.206574,
521,521,Shipped,2025-07-09 13:15:32.206574,
522,522,Shipped,2025-07-12 13:15:32.206574,
523,523,Shipped,2025-07-19 13:15:32.206574,
524,524,Delivered,2025-07-21 13:15:32.206574,2025-07-23 13:15:32.206574
525,525,Shipped,2025-07-12 13:15:32.206574,
526,526,Delivered,2025-07-24 13:15:32.206574,
527,527,Shipped,2025-07-08 13:15:32.206574,2025-07-17 13:15:32.206574
528,528,Delivered,2025-07-07 13:15:32.206574,2025-07-10 13:15:32.206574
529,529,Delivered,2025-08-04 13:15:32.206574,2025-08-13 13:15:32.206574
530,530,Delivered,2025-07-10 13:15:32.206574,
531,531,Delivered,2025-07-21 13:15:32.206574,
532,532,Delivered,2025-07-31 13:15:32.206574,
533,533,Shipped,2025-07-21 13:15:32.206574,
534,534,Shipped,2025-07-19 13:15:32.206574,2025-07-29 13:15:32.206574
535,535,Shipped,2025-07-12 13:15:32.206574,
536,536,Shipped,2025-07-15 13:15:32.206574,
537,537,Shipped,2025-07-23 13:15:32.206574,
538,538,Shipped,2025-07-27 13:15:32.206574,2025-08-06 13:15:32.206574
539,539,Delivered,2025-07-10 13:15:32.206574,2025-07-16 13:15:32.206574
540,540,Shipped,2025-07-10 13:15:32.206574,2025-07-12 13:15:32.206574
541,541,Delivered,2025-07-25 13:15:32.206574,
542,542,Shipped,2025-08-05 13:15:32.206574,2025-08-09 13:15:32.206574
543,543,Shipped,2025-07-12 13:15:32.206574,2025-07-19 13:15:32.206574
544,544,Delivered,2025-07-24 13:15:32.206574,2025-08-03 13:15:32.206574
545,545,Shipped,2025-08-02 13:15:32.206574,
546,546,Shipped,2025-07-20 13:15:32.206574,2025-07-29 13:15:32.206574
547,547,Delivered,2025-08-02 13:15:32.206574,
548,548,Delivered,2025-08-04 13:15:32.206574,
549,549,Delivered,2025-07-16 13:15:32.206574,
550,550,Shipped,2025-07-22 13:15:32.206574,2025-07-27 13:15:32.206574
551,551,Delivered,2025-07-10 13:15:32.206574,
552,552,Shipped,2025-07-16 13:15:32.206574,2025-07-24 13:15:32.206574
553,553,Shipped,2025-07-12 13:15:32.206574,
554,554,Shipped,2025-08-02 13:15:32.206574,
555,555,Delivered,2025-07-21 13:15:32.206574,2025-07-29 13:15:32.206574
556,556,Delivered,2025-07-26 13:15:32.206574,2025-08-01 13:15:32.206574
557,557,Delivered,2025-07-24 13:15:32.206574,
558,558,Delivered,2025-07-30 13:15:32.206574,
559,559,Delivered,2025-07-30 13:15:32.206574,2025-08-05 13:15:32.206574
560,560,Shipped,2025-07-30 13:15:32.206574,2025-08-08 13:15:32.206574
561,561,Delivered,2025-07-26 13:15:32.206574,2025-07-30 13:15:32.206574
562,562,Delivered,2025-08-04 13:15:32.206574,
563,563,Shipped,2025-07-10 13:15:32.206574,
564,564,Shipped,2025-07-19 13:15:32.206574,
565,565,Delivered,2025-08-03 13:15:32.206574,
566,566,Delivered,2025-08-03 13:15:32.207579,
567,567,Shipped,2025-07-28 13:15:32.207579,
568,568,Delivered,2025-07-15 13:15:32.207579,2025-07-21 13:15:32.207579
569,569,Shipped,2025-07-16 13:15:32.207579,
570,570,Shipped,2025-07-07 13:15:32.207579,
571,571,Shipped,2025-08-01 13:15:32.207579,2025-08-11 13:15:32.207579
572,572,Shipped,2025-07-25 13:15:32.207579,2025-08-04 13:15:32.207579
573,573,Shipped,2025-07-25 13:15:32.207579,2025-07-28 13:15:32.207579
574,574,Shipped,2025-07-27 13:15:32.207579,
575,575,Shipped,2025-07-13 13:15:32.207579,
576,576,Shipped,2025-08-01 13:15:32.207579,
577,577,Delivered,2025-07-13 13:15:32.207579,
578,578,Delivered,2025-07-07 13:15:32.207579,2025-07-12 13:15:32.207579
579,579,Delivered,2025-07-12 13:15:32.207579,
580,580,Delivered,2025-07-18 13:15:32.207579,
581,581,Shipped,2025-07-27 13:15:32.207579,
582,582,Shipped,2025-07-23 13:15:32.207579,
583,583,Shipped,2025-07-07 13:15:32.207579,2025-07-13 13:15:32.207579
584,584,Delivered,2025-07-09 13:15:32.207579,
585,585,Shipped,2025-07-10 13:15:32.207579,
586,586,Shipped,2025-07-30 13:15:32.207579,2025-08-03 13:15:32.207579
587,587,Shipped,2025-07-17 13:15:32.207579,2025-07-22 13:15:32.207579
588,588,Shipped,2025-07-08 13:15:32.207579,2025-07-13 13:15:32.207579
589,589,Shipped,2025-08-03 13:15:32.207579,
590,590,Shipped,2025-08-02 13:15:32.207579,2025-08-07 13:15:32.207579
591,591,Delivered,2025-07-25 13:15:32.207579,2025-07-31 13:15:32.207579
592,592,Shipped,2025-07-27 13:15:32.207579,2025-08-01 13:15:32.207579
593,593,Delivered,2025-07-20 13:15:32.207579,
594,594,Delivered,2025-07-23 13:15:32.207579,2025-07-29 13:15:32.207579
595,595,Shipped,2025-07-08 13:15:32.207579,2025-07-17 13:15:32.207579
596,596,Delivered,2025-07-18 13:15:32.207579,2025-07-20 13:15:32.207579
597,597,Delivered,2025-07-08 13:15:32.207579,2025-07-13 13:15:32.207579
598,598,Delivered,2025-07-17 13:15:32.207579,
599,599,Delivered,2025-07-15 13:15:32.207579,
600,600,Delivered,2025-07-12 13:15:32.207579,2025-07-17 13:15:32.207579
601,601,Shipped,2025-08-01 13:15:32.207579,2025-08-08 13:15:32.207579
602,602,Delivered,2025-07-26 13:15:32.207579,2025-08-01 13:15:32.207579
603,603,Shipped,2025-08-03 13:15:32.207579,2025-08-07 13:15:32.207579
604,604,Shipped,2025-08-01 13:15:32.207579,
605,605,Delivered,2025-07-09 13:15:32.207579,2025-07-15 13:15:32.207579
606,606,Delivered,2025-08-03 13:15:32.207579,
607,607,Delivered,2025-07-10 13:15:32.207579,2025-07-20 13:15:32.207579
608,608,Delivered,2025-07-14 13:15:32.207579,2025-07-23 13:15:32.207579
609,609,Delivered,2025-07-29 13:15:32.207579,2025-07-30 13:15:32.207579
610,610,Shipped,2025-07-16 13:15:32.207579,2025-07-22 13:15:32.207579
611,611,Shipped,2025-07-07 13:15:32.207579,2025-07-16 13:15:32.207579
612,612,Shipped,2025-07-25 13:15:32.207579,2025-08-03 13:15:32.207579
613,613,Shipped,2025-08-01 13:15:32.207579,2025-08-11 13:15:32.207579
614,614,Shipped,2025-07-26 13:15:32.207579,2025-07-30 13:15:32.207579
615,615,Shipped,2025-07-20 13:15:32.207579,2025-07-28 13:15:32.207579
616,616,Delivered,2025-07-07 13:15:32.207579,2025-07-09 13:15:32.207579
617,617,Shipped,2025-07-19 13:15:32.207579,
618,618,Delivered,2025-07-08 13:15:32.207579,
619,619,Delivered,2025-07-27 13:15:32.207579,
620,620,Shipped,2025-07-08 13:15:32.207579,2025-07-13 13:15:32.207579
621,621,Delivered,2025-07-28 13:15:32.207579,2025-07-30 13:15:32.207579
622,622,Delivered,2025-08-03 13:15:32.207579,2025-08-06 13:15:32.207579
623,623,Shipped,2025-07-22 13:15:32.207579,2025-07-30 13:15:32.207579
624,624,Delivered,2025-08-06 13:15:32.207579,2025-08-07 13:15:32.207579
625,625,Shipped,2025-08-05 13:15:32.207579,
626,626,Shipped,2025-07-20 13:15:32.207579,2025-07-22 13:15:32.207579
627,627,Delivered,2025-07-13 13:15:32.207579,2025-07-23 13:15:32.207579
628,628,Shipped,2025-08-03 13:15:32.207579,2025-08-06 13:15:32.207579
629,629,Shipped,2025-07-24 13:15:32.207579,
630,630,Delivered,2025-07-07 13:15:32.207579,2025-07-11 13:15:32.207579
631,631,Delivered,2025-07-27 13:15:32.207579,2025-08-03 13:15:32.207579
632,632,Delivered,2025-07-08 13:15:32.207579,2025-07-12 13:15:32.207579
633,633,Delivered,2025-07-08 13:15:32.207579,2025-07-14 13:15:32.207579
634,634,Delivered,2025-07-21 13:15:32.207579,2025-07-31 13:15:32.207579
635,635,Delivered,2025-07-24 13:15:32.207579,
636,636,Shipped,2025-07-08 13:15:32.207579,2025-07-09 13:15:32.207579
637,637,Shipped,2025-07-17 13:15:32.207579,2025-07-20 13:15:32.207579
638,638,Shipped,2025-08-02 13:15:32.207579,2025-08-09 13:15:32.207579
639,639,Delivered,2025-07-13 13:15:32.207579,
640,640,Shipped,2025-07-12 13:15:32.207579,
641,641,Shipped,2025-07-07 13:15:32.207579,2025-07-10 13:15:32.207579
642,642,Shipped,2025-07-26 13:15:32.207579,2025-07-28 13:15:32.207579
643,643,Delivered,2025-07-09 13:15:32.207579,2025-07-13 13:15:32.207579
644,644,Shipped,2025-07-14 13:15:32.207579,
645,645,Shipped,2025-08-02 13:15:32.207579,
646,646,Shipped,2025-07-24 13:15:32.207579,
647,647,Shipped,2025-08-06 13:15:32.207579,
648,648,Delivered,2025-07-28 13:15:32.207579,
649,649,Shipped,2025-07-14 13:15:32.207579,2025-07-24 13:15:32.207579
650,650,Shipped,2025-07-30 13:15:32.207579,
651,651,Delivered,2025-07-31 13:15:32.207579,2025-08-04 13:15:32.207579
652,652,Delivered,2025-07-13 13:15:32.207579,2025-07-23 13:15:32.207579
653,653,Shipped,2025-07-16 13:15:32.207579,2025-07-22 13:15:32.207579
654,654,Shipped,2025-07-09 13:15:32.207579,2025-07-12 13:15:32.207579
655,655,Delivered,2025-08-03 13:15:32.207579,2025-08-11 13:15:32.207579
656,656,Shipped,2025-07-24 13:15:32.207579,
657,657,Shipped,2025-08-01 13:15:32.207579,
658,658,Shipped,2025-07-16 13:15:32.207579,
659,659,Shipped,2025-07-20 13:15:32.207579,2025-07-22 13:15:32.207579
660,660,Shipped,2025-07-28 13:15:32.207579,
661,661,Delivered,2025-07-23 13:15:32.207579,
662,662,Delivered,2025-07-29 13:15:32.207579,
663,663,Shipped,2025-07-11 13:15:32.207579,
664,664,Shipped,2025-07-13 13:15:32.207579,2025-07-19 13:15:32.207579
665,665,Delivered,2025-07-23 13:15:32.207579,2025-07-24 13:15:32.207579
666,666,Delivered,2025-08-04 13:15:32.207579,
667,667,Delivered,2025-08-05 13:15:32.207579,2025-08-12 13:15:32.207579
668,668,Shipped,2025-07-23 13:15:32.207579,
669,669,Shipped,2025-08-05 13:15:32.207579,2025-08-14 13:15:32.207579
670,670,Shipped,2025-07-16 13:15:32.207579,2025-07-17 13:15:32.207579
671,671,Shipped,2025-07-19 13:15:32.207579,2025-07-21 13:15:32.207579
672,672,Shipped,2025-07-08 13:15:32.207579,2025-07-16 13:15:32.207579
673,673,Delivered,2025-07-07 13:15:32.207579,2025-07-08 13:15:32.207579
674,674,Delivered,2025-07-29 13:15:32.207579,2025-08-04 13:15:32.207579
675,675,Delivered,2025-07-08 13:15:32.207579,
676,676,Delivered,2025-07-26 13:15:32.207579,
677,677,Delivered,2025-07-11 13:15:32.207579,
678,678,Shipped,2025-08-04 13:15:32.207579,
679,679,Shipped,2025-07-17 13:15:32.207579,2025-07-19 13:15:32.207579
680,680,Delivered,2025-07-29 13:15:32.207579,2025-08-04 13:15:32.207579
681,681,Delivered,2025-07-12 13:15:32.207579,2025-07-21 13:15:32.207579
682,682,Shipped,2025-07-21 13:15:32.207579,
683,683,Delivered,2025-07-11 13:15:32.207579,
684,684,Shipped,2025-08-06 13:15:32.207579,2025-08-13 13:15:32.207579
685,685,Shipped,2025-07-30 13:15:32.207579,
686,686,Shipped,2025-08-05 13:15:32.207579,2025-08-10 13:15:32.207579
687,687,Shipped,2025-08-06 13:15:32.207579,2025-08-07 13:15:32.207579
688,688,Shipped,2025-07-20 13:15:32.207579,
689,689,Shipped,2025-07-30 13:15:32.207579,2025-08-06 13:15:32.207579
690,690,Shipped,2025-07-29 13:15:32.207579,2025-08-08 13:15:32.207579
691,691,Delivered,2025-07-22 13:15:32.207579,
692,692,Delivered,2025-08-06 13:15:32.207579,
693,693,Shipped,2025-07-07 13:15:32.207579,2025-07-08 13:15:32.207579
694,694,Delivered,2025-07-14 13:15:32.207579,
695,695,Delivered,2025-08-06 13:15:32.207579,
696,696,Delivered,2025-07-13 13:15:32.207579,
697,697,Delivered,2025-07-31 13:15:32.207579,2025-08-04 13:15:32.207579
698,698,Delivered,2025-08-03 13:15:32.207579,2025-08-04 13:15:32.207579
699,699,Shipped,2025-07-10 13:15:32.207579,2025-07-17 13:15:32.207579
700,700,Shipped,2025-07-12 13:15:32.207579,2025-07-14 13:15:32.207579
701,701,Delivered,2025-07-16 13:15:32.207579,
702,702,Shipped,2025-07-25 13:15:32.207579,2025-07-29 13:15:32.207579
703,703,Shipped,2025-07-07 13:15:32.207579,
704,704,Delivered,2025-07-25 13:15:32.207579,
705,705,Delivered,2025-07-10 13:15:32.207579,
706,706,Shipped,2025-07-30 13:15:32.207579,
707,707,Shipped,2025-07-19 13:15:32.207579,2025-07-23 13:15:32.207579
708,708,Shipped,2025-08-06 13:15:32.207579,2025-08-10 13:15:32.207579
709,709,Delivered,2025-08-06 13:15:32.207579,
710,710,Delivered,2025-07-13 13:15:32.207579,
711,711,Delivered,2025-08-02 13:15:32.207579,
712,712,Delivered,2025-07-11 13:15:32.207579,2025-07-18 13:15:32.207579
713,713,Delivered,2025-07-10 13:15:32.207579,2025-07-17 13:15:32.207579
714,714,Delivered,2025-08-06 13:15:32.207579,2025-08-09 13:15:32.207579
715,715,Delivered,2025-07-15 13:15:32.207579,
716,716,Delivered,2025-07-21 13:15:32.207579,2025-07-24 13:15:32.207579
717,717,Delivered,2025-07-25 13:15:32.207579,
718,718,Shipped,2025-07-21 13:15:32.207579,
719,719,Delivered,2025-07-15 13:15:32.207579,2025-07-20 13:15:32.207579
720,720,Shipped,2025-07-24 13:15:32.207579,2025-07-29 13:15:32.207579
721,721,Delivered,2025-07-30 13:15:32.207579,
722,722,Shipped,2025-07-07 13:15:32.207579,
723,723,Delivered,2025-07-27 13:15:32.207579,
724,724,Shipped,2025-07-18 13:15:32.207579,
725,725,Shipped,2025-07-17 13:15:32.207579,2025-07-21 13:15:32.207579
726,726,Shipped,2025-07-28 13:15:32.207579,
727,727,Shipped,2025-07-07 13:15:32.207579,
728,728,Delivered,2025-07-16 13:15:32.207579,
729,729,Delivered,2025-07-30 13:15:32.207579,
730,730,Shipped,2025-08-02 13:15:32.207579,
731,731,Delivered,2025-07-13 13:15:32.207579,
732,732,Delivered,2025-07-26 13:15:32.207579,
733,733,Shipped,2025-07-18 13:15:32.207579,2025-07-26 13:15:32.207579
734,734,Delivered,2025-08-04 13:15:32.207579,
735,735,Shipped,2025-07-27 13:15:32.207579,2025-07-28 13:15:32.207579
736,736,Delivered,2025-07-29 13:15:32.207579,2025-08-01 13:15:32.207579
737,737,Delivered,2025-07-15 13:15:32.207579,
738,738,Shipped,2025-07-13 13:15:32.207579,2025-07-23 13:15:32.207579
739,739,Shipped,2025-07-30 13:15:32.207579,
740,740,Delivered,2025-07-21 13:15:32.207579,2025-07-24 13:15:32.207579
741,741,Shipped,2025-07-24 13:15:32.207579,2025-07-25 13:15:32.207579
742,742,Shipped,2025-07-12 13:15:32.207579,
743,743,Shipped,2025-07-11 13:15:32.207579,2025-07-18 13:15:32.207579
744,744,Delivered,2025-07-28 13:15:32.207579,2025-08-04 13:15:32.207579
745,745,Shipped,2025-07-14 13:15:32.207579,2025-07-22 13:15:32.207579
746,746,Shipped,2025-07-08 13:15:32.207579,2025-07-16 13:15:32.207579
747,747,Delivered,2025-07-30 13:15:32.207579,
748,748,Delivered,2025-07-30 13:15:32.207579,
749,749,Shipped,2025-07-09 13:15:32.207579,2025-07-19 13:15:32.207579
750,750,Delivered,2025-07-14 13:15:32.207579,2025-07-24 13:15:32.207579
751,751,Shipped,2025-07-16 13:15:32.207579,
752,752,Shipped,2025-07-08 13:15:32.207579,2025-07-13 13:15:32.207579
753,753,Delivered,2025-07-08 13:15:32.207579,2025-07-12 13:15:32.207579
754,754,Shipped,2025-07-12 13:15:32.207579,
755,755,Shipped,2025-07-27 13:15:32.207579,
756,756,Delivered,2025-08-05 13:15:32.207579,
757,757,Delivered,2025-07-10 13:15:32.207579,2025-07-17 13:15:32.207579
758,758,Shipped,2025-07-08 13:15:32.207579,
759,759,Shipped,2025-07-20 13:15:32.207579,
760,760,Shipped,2025-07-22 13:15:32.207579,
761,761,Delivered,2025-07-29 13:15:32.207579,2025-08-04 13:15:32.207579
762,762,Delivered,2025-08-04 13:15:32.207579,2025-08-07 13:15:32.207579
763,763,Delivered,2025-08-01 13:15:32.207579,
764,764,Shipped,2025-07-12 13:15:32.207579,
765,765,Delivered,2025-08-05 13:15:32.207579,2025-08-13 13:15:32.207579
766,766,Shipped,2025-07-29 13:15:32.207579,2025-08-06 13:15:32.207579
767,767,Delivered,2025-07-25 13:15:32.207579,2025-08-01 13:15:32.207579
768,768,Delivered,2025-07-11 13:15:32.207579,2025-07-14 13:15:32.207579
769,769,Shipped,2025-07-11 13:15:32.207579,
770,770,Delivered,2025-07-09 13:15:32.207579,2025-07-19 13:15:32.207579
771,771,Shipped,2025-07-25 13:15:32.207579,
772,772,Shipped,2025-08-05 13:15:32.207579,2025-08-09 13:15:32.207579
773,773,Shipped,2025-08-06 13:15:32.207579,
774,774,Shipped,2025-07-07 13:15:32.207579,
775,775,Shipped,2025-07-22 13:15:32.207579,2025-07-24 13:15:32.207579
776,776,Delivered,2025-08-02 13:15:32.207579,
777,777,Shipped,2025-07-23 13:15:32.207579,
778,778,Delivered,2025-07-25 13:15:32.207579,2025-07-30 13:15:32.207579
779,779,Delivered,2025-08-06 13:15:32.207579,2025-08-16 13:15:32.207579
780,780,Shipped,2025-07-15 13:15:32.207579,
781,781,Shipped,2025-08-05 13:15:32.207579,2025-08-09 13:15:32.207579
782,782,Shipped,2025-08-06 13:15:32.207579,2025-08-08 13:15:32.207579
783,783,Shipped,2025-07-20 13:15:32.207579,
784,784,Shipped,2025-08-04 13:15:32.207579,
785,785,Shipped,2025-07-10 13:15:32.207579,
786,786,Delivered,2025-07-25 13:15:32.207579,
787,787,Shipped,2025-08-06 13:15:32.207579,
788,788,Shipped,2025-07-16 13:15:32.207579,2025-07-18 13:15:32.207579
789,789,Shipped,2025-08-04 13:15:32.207579,2025-08-09 13:15:32.207579
790,790,Shipped,2025-07-28 13:15:32.207579,
791,791,Delivered,2025-07-30 13:15:32.207579,
792,792,Shipped,2025-07-25 13:15:32.207579,2025-08-02 13:15:32.207579
793,793,Delivered,2025-08-03 13:15:32.207579,
794,794,Shipped,2025-07-28 13:15:32.207579,
795,795,Shipped,2025-07-15 13:15:32.207579,2025-07-21 13:15:32.207579
796,796,Shipped,2025-07-15 13:15:32.207579,
797,797,Shipped,2025-07-15 13:15:32.207579,2025-07-22 13:15:32.207579
798,798,Delivered,2025-07-31 13:15:32.207579,2025-08-10 13:15:32.207579
799,799,Delivered,2025-07-14 13:15:32.207579,
800,800,Delivered,2025-08-03 13:15:32.207579,
801,801,Delivered,2025-07-25 13:15:32.207579,2025-07-29 13:15:32.207579
802,802,Delivered,2025-07-15 13:15:32.207579,2025-07-16 13:15:32.207579
803,803,Delivered,2025-07-13 13:15:32.207579,
804,804,Shipped,2025-08-05 13:15:32.207579,
805,805,Delivered,2025-07-10 13:15:32.207579,
806,806,Delivered,2025-08-05 13:15:32.207579,
807,807,Delivered,2025-07-14 13:15:32.207579,
808,808,Delivered,2025-07-10 13:15:32.207579,2025-07-11 13:15:32.207579
809,809,Shipped,2025-08-03 13:15:32.207579,2025-08-05 13:15:32.207579
810,810,Delivered,2025-07-27 13:15:32.207579,
811,811,Shipped,2025-07-12 13:15:32.207579,2025-07-14 13:15:32.207579
812,812,Shipped,2025-07-13 13:15:32.207579,
813,813,Shipped,2025-07-10 13:15:32.207579,2025-07-20 13:15:32.207579
814,814,Shipped,2025-07-22 13:15:32.207579,2025-08-01 13:15:32.207579
815,815,Shipped,2025-07-28 13:15:32.207579,
816,816,Shipped,2025-07-22 13:15:32.207579,
817,817,Delivered,2025-08-02 13:15:32.207579,
818,818,Delivered,2025-07-09 13:15:32.207579,
819,819,Shipped,2025-08-01 13:15:32.207579,
820,820,Delivered,2025-07-22 13:15:32.207579,2025-07-31 13:15:32.207579
821,821,Shipped,2025-07-29 13:15:32.207579,
822,822,Shipped,2025-07-20 13:15:32.207579,2025-07-30 13:15:32.207579
823,823,Shipped,2025-07-07 13:15:32.207579,2025-07-17 13:15:32.207579
824,824,Shipped,2025-07-08 13:15:32.207579,
825,825,Delivered,2025-07-27 13:15:32.207579,2025-07-30 13:15:32.207579
826,826,Delivered,2025-07-11 13:15:32.207579,
827,827,Shipped,2025-07-26 13:15:32.207579,2025-08-02 13:15:32.207579
828,828,Shipped,2025-07-27 13:15:32.207579,2025-07-30 13:15:32.207579
829,829,Shipped,2025-07-11 13:15:32.207579,
830,830,Shipped,2025-07-12 13:15:32.207579,
831,831,Shipped,2025-08-06 13:15:32.207579,
832,832,Shipped,2025-07-26 13:15:32.207579,
833,833,Delivered,2025-07-26 13:15:32.207579,2025-08-04 13:15:32.207579
834,834,Shipped,2025-07-09 13:15:32.207579,
835,835,Delivered,2025-08-03 13:15:32.207579,
836,836,Delivered,2025-08-05 13:15:32.207579,
837,837,Delivered,2025-07-22 13:15:32.207579,2025-07-28 13:15:32.207579
838,838,Delivered,2025-07-15 13:15:32.207579,2025-07-17 13:15:32.207579
839,839,Delivered,2025-07-09 13:15:32.207579,
840,840,Delivered,2025-07-10 13:15:32.207579,
841,841,Delivered,2025-07-26 13:15:32.207579,2025-08-02 13:15:32.207579
842,842,Shipped,2025-07-16 13:15:32.207579,2025-07-20 13:15:32.207579
843,843,Shipped,2025-07-20 13:15:32.207579,2025-07-29 13:15:32.207579
844,844,Delivered,2025-07-28 13:15:32.207579,2025-07-30 13:15:32.207579
845,845,Delivered,2025-08-05 13:15:32.207579,2025-08-10 13:15:32.207579
846,846,Shipped,2025-07-19 13:15:32.207579,2025-07-21 13:15:32.207579
847,847,Delivered,2025-07-19 13:15:32.207579,2025-07-28 13:15:32.207579
848,848,Shipped,2025-07-28 13:15:32.207579,
849,849,Shipped,2025-07-15 13:15:32.207579,
850,850,Delivered,2025-07-31 13:15:32.207579,2025-08-03 13:15:32.207579
851,851,Shipped,2025-07-26 13:15:32.207579,
852,852,Delivered,2025-07-12 13:15:32.207579,
853,853,Delivered,2025-07-19 13:15:32.207579,2025-07-20 13:15:32.207579
854,854,Shipped,2025-07-11 13:15:32.207579,
855,855,Delivered,2025-07-23 13:15:32.207579,
856,856,Shipped,2025-07-25 13:15:32.207579,2025-08-01 13:15:32.207579
857,857,Shipped,2025-07-19 13:15:32.207579,
858,858,Shipped,2025-07-30 13:15:32.207579,2025-08-01 13:15:32.207579
859,859,Delivered,2025-07-28 13:15:32.207579,
860,860,Delivered,2025-07-07 13:15:32.207579,
861,861,Shipped,2025-07-28 13:15:32.207579,2025-08-01 13:15:32.207579
862,862,Shipped,2025-07-11 13:15:32.207579,2025-07-21 13:15:32.207579
863,863,Delivered,2025-07-27 13:15:32.207579,2025-08-01 13:15:32.207579
864,864,Delivered,2025-07-27 13:15:32.207579,2025-08-03 13:15:32.207579
865,865,Delivered,2025-07-22 13:15:32.207579,2025-07-28 13:15:32.207579
866,866,Delivered,2025-07-22 13:15:32.207579,
867,867,Delivered,2025-07-29 13:15:32.207579,
868,868,Delivered,2025-07-21 13:15:32.207579,
869,869,Delivered,2025-07-22 13:15:32.207579,
870,870,Shipped,2025-07-20 13:15:32.207579,2025-07-25 13:15:32.207579
871,871,Delivered,2025-07-15 13:15:32.207579,
872,872,Shipped,2025-07-18 13:15:32.207579,
873,873,Delivered,2025-07-12 13:15:32.207579,
874,874,Shipped,2025-07-08 13:15:32.207579,2025-07-11 13:15:32.207579
875,875,Shipped,2025-07-27 13:15:32.207579,2025-08-06 13:15:32.207579
876,876,Delivered,2025-07-12 13:15:32.207579,
877,877,Shipped,2025-07-25 13:15:32.207579,2025-08-02 13:15:32.207579
878,878,Shipped,2025-07-20 13:15:32.207579,
879,879,Shipped,2025-08-04 13:15:32.207579,
880,880,Delivered,2025-07-23 13:15:32.207579,
881,881,Delivered,2025-08-05 13:15:32.207579,
882,882,Shipped,2025-07-24 13:15:32.207579,2025-07-26 13:15:32.207579
883,883,Delivered,2025-08-03 13:15:32.207579,2025-08-05 13:15:32.207579
884,884,Shipped,2025-08-05 13:15:32.207579,
885,885,Delivered,2025-07-20 13:15:32.207579,
886,886,Delivered,2025-07-31 13:15:32.207579,2025-08-02 13:15:32.207579
887,887,Shipped,2025-08-03 13:15:32.207579,2025-08-04 13:15:32.207579
888,888,Shipped,2025-07-20 13:15:32.207579,2025-07-24 13:15:32.207579
889,889,Delivered,2025-07-08 13:15:32.207579,
890,890,Shipped,2025-07-15 13:15:32.207579,
891,891,Delivered,2025-08-02 13:15:32.207579,2025-08-09 13:15:32.207579
892,892,Delivered,2025-07-13 13:15:32.207579,2025-07-17 13:15:32.207579
893,893,Shipped,2025-08-01 13:15:32.207579,
894,894,Shipped,2025-07-09 13:15:32.207579,
895,895,Delivered,2025-07-13 13:15:32.207579,
896,896,Delivered,2025-07-08 13:15:32.207579,2025-07-09 13:15:32.207579
897,897,Shipped,2025-07-18 13:15:32.207579,
898,898,Delivered,2025-08-04 13:15:32.207579,
899,899,Shipped,2025-08-02 13:15:32.207579,2025-08-11 13:15:32.207579
900,900,Delivered,2025-07-18 13:15:32.207579,
901,901,Delivered,2025-07-14 13:15:32.207579,2025-07-17 13:15:32.207579
902,902,Shipped,2025-07-09 13:15:32.207579,
903,903,Shipped,2025-07-13 13:15:32.207579,2025-07-22 13:15:32.207579
904,904,Delivered,2025-07-10 13:15:32.207579,
905,905,Shipped,2025-07-12 13:15:32.207579,2025-07-19 13:15:32.207579
906,906,Shipped,2025-07-30 13:15:32.207579,2025-08-02 13:15:32.207579
907,907,Shipped,2025-07-12 13:15:32.207579,2025-07-21 13:15:32.207579
908,908,Delivered,2025-08-06 13:15:32.207579,2025-08-12 13:15:32.207579
909,909,Delivered,2025-08-05 13:15:32.207579,
910,910,Shipped,2025-07-11 13:15:32.207579,
911,911,Delivered,2025-08-06 13:15:32.207579,
912,912,Shipped,2025-07-12 13:15:32.207579,2025-07-16 13:15:32.207579
913,913,Delivered,2025-08-04 13:15:32.207579,
914,914,Delivered,2025-07-11 13:15:32.207579,2025-07-12 13:15:32.207579
915,915,Delivered,2025-07-24 13:15:32.207579,
916,916,Shipped,2025-07-07 13:15:32.207579,2025-07-10 13:15:32.207579
917,917,Delivered,2025-07-13 13:15:32.207579,2025-07-15 13:15:32.207579
918,918,Shipped,2025-07-29 13:15:32.207579,
919,919,Delivered,2025-07-30 13:15:32.207579,2025-08-09 13:15:32.207579
920,920,Shipped,2025-07-27 13:15:32.207579,2025-08-06 13:15:32.207579
921,921,Delivered,2025-07-15 13:15:32.207579,
922,922,Shipped,2025-07-17 13:15:32.207579,2025-07-25 13:15:32.207579
923,923,Shipped,2025-08-03 13:15:32.207579,2025-08-11 13:15:32.207579
924,924,Delivered,2025-08-03 13:15:32.207579,2025-08-13 13:15:32.207579
925,925,Delivered,2025-08-02 13:15:32.207579,2025-08-09 13:15:32.207579
926,926,Delivered,2025-07-19 13:15:32.207579,
927,927,Delivered,2025-07-22 13:15:32.207579,
928,928,Delivered,2025-07-14 13:15:32.207579,2025-07-18 13:15:32.207579
929,929,Delivered,2025-07-31 13:15:32.207579,2025-08-08 13:15:32.207579
930,930,Shipped,2025-07-10 13:15:32.207579,2025-07-19 13:15:32.207579
931,931,Shipped,2025-07-25 13:15:32.207579,
932,932,Shipped,2025-07-08 13:15:32.207579,
933,933,Delivered,2025-07-28 13:15:32.207579,
934,934,Shipped,2025-08-04 13:15:32.207579,
935,935,Shipped,2025-08-05 13:15:32.207579,
936,936,Delivered,2025-08-01 13:15:32.207579,
937,937,Shipped,2025-07-30 13:15:32.207579,2025-08-03 13:15:32.207579
938,938,Delivered,2025-07-18 13:15:32.207579,2025-07-28 13:15:32.207579
939,939,Shipped,2025-08-02 13:15:32.207579,2025-08-10 13:15:32.207579
940,940,Delivered,2025-07-08 13:15:32.207579,2025-07-09 13:15:32.207579
941,941,Shipped,2025-07-23 13:15:32.207579,2025-07-29 13:15:32.207579
942,942,Shipped,2025-08-05 13:15:32.207579,
943,943,Delivered,2025-07-29 13:15:32.207579,
944,944,Shipped,2025-08-04 13:15:32.207579,2025-08-07 13:15:32.207579
945,945,Shipped,2025-07-14 13:15:32.207579,2025-07-19 13:15:32.207579
946,946,Delivered,2025-08-01 13:15:32.207579,2025-08-09 13:15:32.207579
947,947,Shipped,2025-07-20 13:15:32.207579,2025-07-21 13:15:32.207579
948,948,Shipped,2025-07-22 13:15:32.207579,
949,949,Shipped,2025-08-06 13:15:32.207579,
950,950,Shipped,2025-07-31 13:15:32.207579,2025-08-02 13:15:32.207579
951,951,Delivered,2025-08-05 13:15:32.207579,2025-08-14 13:15:32.207579
952,952,Shipped,2025-07-08 13:15:32.207579,2025-07-14 13:15:32.207579
953,953,Delivered,2025-07-21 13:15:32.207579,
954,954,Shipped,2025-07-18 13:15:32.207579,2025-07-25 13:15:32.207579
955,955,Shipped,2025-07-16 13:15:32.207579,2025-07-19 13:15:32.207579
956,956,Shipped,2025-07-07 13:15:32.207579,
957,957,Delivered,2025-07-10 13:15:32.207579,
958,958,Delivered,2025-07-15 13:15:32.207579,
959,959,Shipped,2025-07-13 13:15:32.207579,
960,960,Shipped,2025-07-07 13:15:32.207579,
961,961,Delivered,2025-07-30 13:15:32.207579,2025-08-07 13:15:32.207579
962,962,Delivered,2025-07-12 13:15:32.207579,
963,963,Shipped,2025-07-10 13:15:32.207579,2025-07-18 13:15:32.207579
964,964,Delivered,2025-07-17 13:15:32.207579,2025-07-25 13:15:32.207579
965,965,Delivered,2025-07-15 13:15:32.207579,2025-07-23 13:15:32.207579
966,966,Shipped,2025-08-01 13:15:32.207579,2025-08-09 13:15:32.207579
967,967,Shipped,2025-07-17 13:15:32.207579,2025-07-24 13:15:32.207579
968,968,Delivered,2025-07-17 13:15:32.207579,2025-07-23 13:15:32.207579
969,969,Delivered,2025-08-03 13:15:32.207579,
970,970,Delivered,2025-07-12 13:15:32.207579,2025-07-13 13:15:32.207579
971,971,Delivered,2025-07-31 13:15:32.207579,
972,972,Shipped,2025-07-11 13:15:32.207579,2025-07-19 13:15:32.207579
973,973,Shipped,2025-07-28 13:15:32.207579,2025-08-06 13:15:32.207579
974,974,Delivered,2025-07-07 13:15:32.207579,2025-07-17 13:15:32.207579
975,975,Shipped,2025-07-11 13:15:32.207579,
976,976,Delivered,2025-07-26 13:15:32.207579,2025-07-31 13:15:32.207579
977,977,Shipped,2025-07-12 13:15:32.207579,2025-07-21 13:15:32.207579
978,978,Shipped,2025-08-02 13:15:32.207579,
979,979,Delivered,2025-07-29 13:15:32.207579,2025-08-02 13:15:32.207579
980,980,Delivered,2025-07-27 13:15:32.207579,
981,981,Delivered,2025-08-06 13:15:32.207579,
982,982,Shipped,2025-07-08 13:15:32.207579,
983,983,Delivered,2025-07-24 13:15:32.207579,2025-07-31 13:15:32.207579
984,984,Shipped,2025-07-25 13:15:32.207579,2025-07-30 13:15:32.207579
985,985,Delivered,2025-07-20 13:15:32.207579,2025-07-26 13:15:32.207579
986,986,Shipped,2025-08-03 13:15:32.207579,2025-08-05 13:15:32.207579
987,987,Shipped,2025-07-10 13:15:32.207579,2025-07-12 13:15:32.207579
988,988,Delivered,2025-08-01 13:15:32.207579,2025-08-10 13:15:32.207579
989,989,Delivered,2025-07-23 13:15:32.207579,
990,990,Delivered,2025-07-08 13:15:32.207579,
991,991,Delivered,2025-08-04 13:15:32.207579,2025-08-13 13:15:32.207579
992,992,Delivered,2025-07-19 13:15:32.207579,2025-07-25 13:15:32.207579
993,993,Delivered,2025-07-24 13:15:32.207579,
994,994,Shipped,2025-07-20 13:15:32.207579,
995,995,Shipped,2025-07-09 13:15:32.207579,2025-07-15 13:15:32.207579
996,996,Delivered,2025-07-13 13:15:32.207579,2025-07-23 13:15:32.207579
997,997,Delivered,2025-07-28 13:15:32.207579,2025-07-29 13:15:32.207579
998,998,Shipped,2025-07-09 13:15:32.207579,
999,999,Shipped,2025-07-09 13:15:32.207579,2025-07-13 13:15:32.207579
1000,1000,Delivered,2025-08-05 13:15:32.207579,2025-08-09 13:15:32.207579
